Regime,Max_camber,Camber_Position,Thickness,L_D
Takeoff,0.07931150467861263,0.40176255796651084,0.10276258468274768,112.99605781865966
cruise,0.03678918956119623,0.40986483895711084,0.08420424638197854,70.68538398018167
High-speed dash,0.02,0.5,0.1,41.934338952972496
landing,0.057121980169704295,0.2676606256690154,0.10986237534112384,106.92307692307692
