Regime,Deflection_Angle,L_D
Takeoff,0.43438995963812094,106.15894039735099
cruise,3.788364008770414,78.77831715210357
High-speed dash,2.0,78.86727688787187
landing,5.0,50.63533225283631
