Regime,Max_camber,Camber_Position,Thickness,L_D
0.07211650030442888,0.38550552688044126,0.1,114.7212420606916
0.03981873618111425,0.4196056062107539,0.08340165376599566,70.68538398018167
0.030055808855552736,0.5,0.1,49.71798780487805
0.045075765965209035,0.3490385923431315,0.11994773881658148,106.30936227951153
