Regime,Deflection_Angle,L_D
Takeoff,1.484391639596125,82.2555910543131
cruise,6.0495341441418695,60.89115213239975
High-speed dash,2.0,61.05472636815921
landing,6.471326064319388,80.76023391812866
