Regime,Max_camber,Camber_Position,Thickness,L_D
Takeoff,0.06990235510839167,0.37000431721707266,0.1,114.7212420606916
cruise,0.04,0.37889697367155545,0.08,70.68538398018167
High-speed dash,0.028996319526263838,0.5,0.1,49.71798780487805
landing,0.0732246406383161,0.36336303634543954,0.12054701714287012,104.99096929560505
