Regime,Deflection_Angle,L_D
Takeoff,0.8209626769672598,82.04559848005069
cruise,6.094782258399967,60.940279542566714
High-speed dash,2.0,61.05472636815921
landing,6.230340612366234,82.84339457567805
